{"cameraMode":{"drawMode":0,"name":"Shaded","section":"Shading Mode"},"sceneLighting":true,"audioPlay":false,"sceneViewState":{"showFog":true,"showMaterialUpdate":false,"showSkybox":true,"showFlares":true,"showImageEffects":true,"showParticleSystems":true},"in2DMode":false,"pivot":{"x":-0.8316650390625,"y":1.484375,"z":-0.1580810546875},"rotation":{"x":0.34181639552116396,"y":0.3343162536621094,"z":-0.1315961629152298,"w":0.8683778643608093},"size":0.8354301452636719,"orthographic":true}