{"cameraMode":{"drawMode":0,"name":"Shaded","section":"Shading Mode"},"sceneLighting":true,"audioPlay":false,"sceneViewState":{"showFog":true,"showMaterialUpdate":false,"showSkybox":true,"showFlares":true,"showImageEffects":true,"showParticleSystems":true},"in2DMode":false,"pivot":{"x":0.474151611328125,"y":-0.3355712890625,"z":1.68951416015625},"rotation":{"x":0.06737824529409409,"y":-0.9272415041923523,"z":0.2034582644701004,"w":0.30706843733787539},"size":0.25279438495635989,"orthographic":true}