{"cameraMode":{"drawMode":0,"name":"Shaded","section":"Shading Mode"},"sceneLighting":false,"audioPlay":false,"sceneViewState":{"showFog":true,"showMaterialUpdate":false,"showSkybox":false,"showFlares":true,"showImageEffects":true,"showParticleSystems":true},"in2DMode":false,"pivot":{"x":-0.0374840646982193,"y":-0.5207175016403198,"z":0.5579213500022888},"rotation":{"x":0.31533950567245486,"y":0.0951584056019783,"z":-0.031798724085092548,"w":0.9436603784561157},"size":1.481722116470337,"orthographic":false}