{"cameraMode":{"drawMode":0,"name":"Shaded","section":"Shading Mode"},"sceneLighting":false,"audioPlay":false,"sceneViewState":{"showFog":true,"showMaterialUpdate":false,"showSkybox":false,"showFlares":true,"showImageEffects":true,"showParticleSystems":true},"in2DMode":false,"pivot":{"x":-0.44999998807907107,"y":-0.49303174018859866,"z":1.2460134029388428},"rotation":{"x":0.10684762895107269,"y":0.2622162401676178,"z":-0.02922636643052101,"w":0.9586339592933655},"size":0.12215734273195267,"orthographic":true}