{"cameraMode":{"drawMode":0,"name":"Shaded","section":"Shading Mode"},"sceneLighting":true,"audioPlay":false,"sceneViewState":{"showFog":true,"showMaterialUpdate":false,"showSkybox":true,"showFlares":true,"showImageEffects":true,"showParticleSystems":true},"in2DMode":false,"pivot":{"x":-0.214599609375,"y":-0.21148681640625,"z":0.3673095703125},"rotation":{"x":0.14090730249881745,"y":0.1873900592327118,"z":-0.02717173844575882,"w":0.971748948097229},"size":1.4568004608154297,"orthographic":true}