{"cameraMode":{"drawMode":0,"name":"Shaded","section":"Shading Mode"},"sceneLighting":false,"audioPlay":false,"sceneViewState":{"showFog":true,"showMaterialUpdate":false,"showSkybox":false,"showFlares":true,"showImageEffects":true,"showParticleSystems":true},"in2DMode":false,"pivot":{"x":-0.37700000405311587,"y":-0.4929872751235962,"z":1.2478350400924683},"rotation":{"x":0.16854143142700196,"y":-0.04138603061437607,"z":0.007082895375788212,"w":0.9848031997680664},"size":0.11974939703941345,"orthographic":true}