{"cameraMode":{"drawMode":0,"name":"Shaded","section":"Shading Mode"},"sceneLighting":true,"audioPlay":false,"sceneViewState":{"showFog":true,"showMaterialUpdate":false,"showSkybox":true,"showFlares":true,"showImageEffects":true,"showParticleSystems":true},"in2DMode":false,"pivot":{"x":0.0,"y":0.014333609491586686,"z":0.3499999940395355},"rotation":{"x":0.13154876232147218,"y":0.209469735622406,"z":-0.028451472520828248,"w":0.968508243560791},"size":0.5868499279022217,"orthographic":true}